{
  "accuracy": 0.9569173359541762,
  "precision": 0.95636412152028,
  "recall": 0.9569173359541762,
  "f1_score": 0.9564209722986616,
  "test_samples": 130238,
  "class_distribution": {
    "0": 85621,
    "1": 19292,
    "2": 25325
  },
  "model_name": "XGBoost"
}