{
  "precision": 0.9841220032634618,
  "recall": 0.9761376133463366,
  "f1_score": 0.9801135475806031,
  "roc_auc": 0.9998266893964567,
  "test_samples": 381008,
  "requirements_met": {
    "recall_90_percent": true,
    "f1_0_85": true
  }
}